{
    "centroid": {
        "x": 25.922439439014024,
        "y": 25.922439439014024
    },
    "halfrange": {
        "x": 1909.0,
        "y": 4433.5
    },
    "halfrange_quadrants": [
        0,
        1,
        4702,
        3
    ]
}