{
    "centroid": {
        "x": 6.784817192296958,
        "y": 6.784817192296958
    },
    "halfrange": {
        "x": 298.0,
        "y": 100.0
    },
    "halfrange_quadrants": [
        0,
        9,
        7156,
        1
    ]
}