{
    "centroid": {
        "x": 36.567239514481436,
        "y": 36.567239514481436
    },
    "halfrange": {
        "x": 5650.5,
        "y": 4433.5
    },
    "halfrange_quadrants": [
        0,
        3,
        8316,
        2
    ]
}