{
    "centroid": {
        "x": 6.3722906927326814,
        "y": 6.3722906927326814
    },
    "halfrange": {
        "x": 96.0,
        "y": 54.5
    },
    "halfrange_quadrants": [
        1,
        67,
        4629,
        9
    ]
}