{
    "centroid": {
        "x": 31.488557075076752,
        "y": 31.488557075076752
    },
    "halfrange": {
        "x": 1909.0,
        "y": 4433.5
    },
    "halfrange_quadrants": [
        0,
        1,
        7162,
        3
    ]
}