{
    "centroid": {
        "x": 7.881504626847734,
        "y": 7.881504626847734
    },
    "halfrange": {
        "x": 287.5,
        "y": 100.0
    },
    "halfrange_quadrants": [
        0,
        11,
        8307,
        3
    ]
}