{
    "centroid": {
        "x": 7.907708261320429,
        "y": 7.907708261320429
    },
    "halfrange": {
        "x": 116.0,
        "y": 58.5
    },
    "halfrange_quadrants": [
        0,
        89,
        5685,
        12
    ]
}