{
    "centroid": {
        "x": 33.31576218458348,
        "y": 33.31576218458348
    },
    "halfrange": {
        "x": 5574.0,
        "y": 4433.5
    },
    "halfrange_quadrants": [
        0,
        3,
        5781,
        2
    ]
}