source,target,source_color,target_color,similarity
ITU G.992.5,ITU G.992.5,#B54343,#B54343,0.9999999999999997
ITU G.992.5,ITU G.961,#B54343,#7C43B5,0.8521633805855683
ITU G.992.5,ITU G.994.1,#B54343,#43B5B5,0.2958177679252408
ITU G.992.5,ITU G.996.1,#B54343,#7C43B5,0.6839298610636948
ITU G.992.5,ITU G.997.1,#B54343,#7C43B5,0.8073856072135968
ITU G.992.5,ITU G.992.3,#B54343,#B54343,0.9511037154569025
ITU G.992.5,ITU G.995.1,#B54343,#7C43B5,0.7693102796084684
